RegionID,RegionName,SizeRank,2014-01,2014-02,2014-03,2014-04,2014-05,2014-06,2014-07,2014-08,2014-09,2014-10,2014-11,2014-12,2015-01,2015-02,2015-03,2015-04,2015-05,2015-06,2015-07,2015-08,2015-09,2015-10,2015-11,2015-12,2016-01,2016-02,2016-03,2016-04,2016-05,2016-06,2016-07,2016-08,2016-09,2016-10,2016-11,2016-12,2017-01,2017-02,2017-03,2017-04,2017-05,2017-06,2017-07,2017-08,2017-09,2017-10,2017-11,2017-12,2018-01,2018-02,2018-03,2018-04,2018-05,2018-06,2018-07,2018-08,2018-09,2018-10,2018-11,2018-12,2019-01,2019-02,2019-03,2019-04,2019-05,2019-06,2019-07,2019-08,2019-09,2019-10,2019-11,2019-12,2020-01,2020-02,2020-03,2020-04,2020-05,2020-06,2020-07,2020-08,2020-09,2020-10,2020-11,2020-12,2021-01,2021-02,2021-03,2021-04,2021-05,2021-06,2021-07,2021-08,2021-09,2021-10,2021-11,2021-12,2022-01
102001,United States,0,1264,1274,1275,1282,1294,1305,1314,1319,1320,1320,1320,1320,1325,1332,1340,1351,1360,1369,1374,1379,1380,1381,1381,1382,1387,1394,1402,1410,1419,1425,1427,1431,1430,1429,1429,1428,1432,1438,1446,1455,1464,1470,1476,1478,1478,1477,1476,1477,1481,1486,1494,1503,1512,1521,1527,1530,1531,1530,1531,1533,1536,1543,1551,1560,1570,1579,1584,1587,1586,1585,1584,1586,1591,1599,1604,1597,1593,1595,1596,1593,1591,1590,1594,1598,1601,1607,1623,1648,1678,1710,1745,1779,1803,1821,1838,1854,1856
394913,"New York, NY",1,2208,2236,2243,2249,2280,2298,2315,2323,2326,2324,2328,2321,2330,2343,2359,2388,2399,2410,2417,2426,2433,2435,2428,2426,2428,2436,2439,2455,2468,2481,2469,2478,2484,2479,2477,2469,2466,2470,2481,2496,2512,2519,2528,2525,2533,2522,2503,2505,2499,2501,2509,2523,2537,2550,2563,2569,2569,2561,2552,2550,2549,2558,2573,2583,2608,2626,2634,2634,2627,2621,2608,2596,2603,2624,2628,2614,2598,2579,2548,2490,2436,2399,2380,2372,2376,2383,2405,2443,2486,2534,2594,2637,2676,2704,2729,2760,2788
753899,"Los Angeles-Long Beach-Anaheim, CA",2,1797,1826,1814,1822,1845,1864,1882,1897,1907,1912,1911,1916,1929,1938,1954,1967,1978,1990,2006,2018,2027,2035,2044,2048,2060,2077,2089,2096,2115,2128,2133,2145,2151,2157,2158,2164,2176,2188,2199,2214,2229,2236,2250,2257,2262,2263,2268,2267,2278,2287,2295,2306,2316,2329,2338,2350,2355,2361,2368,2373,2377,2381,2389,2400,2408,2419,2430,2437,2442,2441,2446,2455,2460,2465,2463,2441,2426,2423,2420,2411,2413,2420,2426,2423,2422,2432,2446,2471,2501,2543,2586,2640,2675,2703,2727,2750,2769
394463,"Chicago, IL",3,1403,1415,1417,1421,1436,1450,1459,1461,1456,1451,1450,1449,1451,1456,1446,1456,1476,1493,1502,1509,1505,1497,1488,1488,1496,1505,1515,1527,1538,1547,1553,1554,1546,1533,1526,1521,1521,1536,1549,1561,1573,1580,1583,1580,1572,1564,1557,1558,1561,1568,1580,1589,1600,1610,1612,1610,1603,1593,1590,1587,1596,1604,1616,1629,1640,1649,1655,1654,1650,1643,1633,1633,1641,1651,1659,1656,1655,1654,1649,1637,1620,1602,1592,1590,1593,1596,1615,1642,1666,1689,1708,1727,1733,1738,1744,1759,1770
394514,"Dallas-Fort Worth, TX",4,1097,1123,1128,1144,1139,1142,1146,1149,1153,1150,1147,1150,1154,1159,1172,1181,1191,1198,1203,1208,1204,1203,1202,1204,1209,1214,1228,1238,1248,1257,1263,1265,1266,1266,1268,1268,1271,1276,1285,1291,1302,1311,1314,1318,1317,1319,1316,1317,1321,1327,1331,1339,1342,1351,1356,1360,1357,1361,1365,1362,1365,1375,1378,1388,1398,1404,1410,1410,1412,1411,1408,1406,1410,1416,1423,1417,1414,1419,1422,1423,1425,1431,1434,1437,1440,1449,1464,1491,1521,1559,1600,1636,1659,1672,1690,1700,1704
394974,"Philadelphia, PA",5,1309,1276,1296,1300,1308,1319,1324,1329,1332,1326,1324,1312,1315,1318,1330,1341,1352,1359,1360,1361,1360,1356,1357,1355,1360,1366,1375,1384,1392,1397,1403,1397,1395,1392,1394,1392,1395,1400,1409,1416,1422,1424,1427,1428,1425,1426,1430,1430,1427,1432,1443,1452,1462,1466,1467,1469,1471,1472,1470,1475,1480,1486,1493,1499,1506,1516,1519,1520,1519,1522,1521,1521,1523,1535,1540,1533,1536,1538,1538,1541,1541,1542,1545,1552,1550,1551,1562,1580,1598,1617,1635,1666,1679,1695,1710,1732,1725
394692,"Houston, TX",6,1142,1171,1159,1167,1191,1204,1218,1226,1226,1230,1226,1224,1228,1231,1237,1248,1255,1262,1267,1268,1265,1261,1261,1260,1259,1265,1272,1272,1272,1274,1272,1269,1266,1263,1256,1253,1251,1255,1262,1265,1271,1273,1273,1273,1278,1288,1294,1299,1300,1304,1309,1314,1317,1321,1325,1323,1322,1321,1324,1319,1319,1321,1327,1333,1340,1346,1349,1347,1344,1343,1341,1344,1347,1350,1355,1347,1339,1338,1336,1336,1339,1343,1349,1348,1347,1346,1355,1370,1397,1429,1459,1481,1485,1498,1505,1515,1509
395209,"Washington, DC",7,1737,1776,1764,1764,1776,1790,1800,1804,1807,1795,1787,1776,1780,1788,1789,1803,1809,1819,1822,1821,1816,1819,1814,1815,1817,1823,1832,1839,1848,1858,1841,1851,1848,1845,1840,1839,1845,1850,1856,1872,1881,1887,1888,1890,1887,1878,1866,1865,1867,1873,1879,1895,1906,1918,1926,1929,1924,1919,1918,1917,1924,1933,1940,1953,1965,1976,1981,1983,1983,1975,1969,1967,1973,1979,1986,1980,1970,1968,1963,1952,1936,1920,1903,1894,1895,1898,1908,1934,1966,2003,2038,2072,2090,2106,2113,2119,2117
394856,"Miami-Fort Lauderdale, FL",8,1562,1568,1570,1570,1582,1590,1606,1613,1626,1632,1640,1644,1648,1661,1663,1666,1678,1690,1694,1706,1717,1728,1737,1742,1746,1753,1758,1756,1760,1760,1762,1767,1770,1772,1779,1777,1782,1785,1788,1788,1789,1794,1800,1806,1813,1821,1822,1823,1828,1829,1832,1833,1838,1844,1850,1858,1865,1872,1878,1880,1879,1881,1886,1889,1889,1892,1897,1903,1908,1919,1927,1937,1938,1943,1939,1932,1920,1921,1924,1929,1938,1953,1967,1981,1989,2008,2036,2074,2123,2183,2257,2333,2387,2439,2505,2573,2597
394347,"Atlanta, GA",9,1057,1069,1069,1077,1083,1090,1095,1099,1097,1098,1101,1103,1105,1111,1118,1128,1139,1151,1157,1158,1156,1157,1157,1160,1165,1173,1186,1194,1205,1215,1223,1226,1230,1234,1233,1231,1235,1241,1250,1259,1272,1281,1292,1297,1302,1299,1299,1300,1306,1313,1324,1333,1346,1354,1362,1369,1373,1378,1381,1384,1394,1398,1408,1419,1428,1438,1443,1448,1453,1451,1448,1449,1455,1463,1470,1464,1464,1471,1481,1494,1503,1514,1521,1531,1543,1561,1584,1616,1649,1694,1745,1802,1834,1857,1866,1865,1866
394404,"Boston, MA",10,2097,2114,2116,2110,2127,2147,2161,2171,2164,2156,2139,2124,2136,2160,2183,2197,2218,2235,2238,2233,2228,2221,2209,2210,2237,2262,2278,2293,2313,2326,2326,2330,2318,2305,2287,2294,2324,2346,2356,2376,2387,2397,2405,2400,2388,2363,2363,2367,2390,2405,2421,2438,2453,2467,2471,2464,2445,2440,2436,2447,2467,2478,2496,2516,2535,2552,2550,2547,2531,2518,2513,2521,2541,2560,2573,2563,2552,2544,2523,2466,2421,2378,2359,2361,2387,2416,2445,2481,2517,2557,2587,2608,2639,2662,2692,2690,2701
395057,"San Francisco, CA",11,2144,2077,2136,2162,2221,2292,2319,2363,2407,2432,2436,2447,2468,2496,2528,2550,2593,2636,2652,2681,2695,2704,2704,2712,2719,2731,2744,2763,2780,2803,2797,2811,2798,2784,2775,2759,2762,2781,2792,2807,2833,2857,2873,2879,2881,2872,2859,2861,2871,2873,2888,2901,2926,2941,2956,2969,2972,2968,2967,2968,2971,2981,2995,3007,3024,3047,3062,3062,3056,3044,3040,3042,3057,3072,3069,3053,3038,3012,2979,2914,2858,2818,2800,2773,2777,2786,2817,2850,2895,2953,3007,3033,3041,3050,3047,3068,3069
394532,"Detroit, MI",12,951,957,962,964,971,976,983,985,985,984,984,982,983,986,994,996,1002,1009,1012,1016,1019,1008,1011,1012,1017,1019,1025,1031,1035,1042,1048,1057,1051,1051,1046,1043,1047,1050,1057,1066,1074,1083,1089,1092,1092,1090,1091,1090,1091,1097,1104,1105,1118,1123,1129,1132,1132,1130,1132,1131,1133,1134,1140,1148,1156,1163,1169,1173,1170,1168,1170,1169,1162,1168,1173,1176,1178,1186,1199,1205,1215,1231,1231,1243,1244,1253,1267,1278,1292,1310,1330,1347,1353,1365,1372,1380,1377
395025,"Riverside, CA",13,1425,1436,1434,1433,1440,1447,1461,1460,1465,1469,1472,1483,1485,1493,1498,1510,1515,1519,1523,1532,1541,1544,1552,1555,1558,1566,1571,1577,1585,1597,1602,1606,1619,1619,1626,1627,1639,1642,1655,1671,1682,1690,1699,1708,1712,1720,1725,1722,1728,1741,1752,1765,1769,1784,1795,1804,1815,1821,1820,1830,1831,1839,1843,1853,1859,1863,1881,1890,1891,1900,1903,1908,1914,1922,1923,1917,1913,1932,1953,1980,2015,2047,2066,2081,2116,2122,2163,2197,2232,2283,2341,2391,2423,2430,2438,2461,2491
394976,"Phoenix, AZ",14,947,963,957,958,966,971,973,978,981,982,984,986,988,1005,1010,1021,1028,1033,1033,1036,1041,1042,1046,1049,1055,1060,1068,1078,1085,1092,1095,1096,1098,1100,1102,1104,1108,1116,1125,1133,1142,1148,1153,1156,1160,1163,1163,1164,1171,1177,1190,1205,1213,1222,1230,1237,1242,1247,1254,1259,1262,1273,1284,1298,1310,1321,1329,1338,1339,1344,1351,1363,1370,1383,1386,1380,1380,1386,1398,1414,1430,1446,1463,1471,1484,1499,1526,1562,1613,1668,1723,1771,1801,1827,1851,1858,1864
395078,"Seattle, WA",15,1333,1359,1351,1369,1397,1413,1424,1439,1444,1442,1440,1445,1452,1466,1480,1491,1503,1521,1532,1544,1549,1554,1549,1545,1555,1564,1588,1606,1633,1650,1646,1665,1667,1671,1664,1663,1671,1680,1704,1727,1748,1764,1776,1779,1774,1763,1750,1742,1747,1759,1773,1790,1807,1818,1827,1828,1823,1818,1813,1812,1815,1826,1842,1860,1878,1897,1906,1912,1903,1899,1893,1899,1915,1933,1946,1936,1925,1923,1920,1909,1887,1860,1833,1816,1824,1834,1859,1902,1941,1992,2039,2082,2114,2124,2130,2134,2133
394865,"Minneapolis-St Paul, MN",16,1165,1183,1181,1184,1189,1202,1210,1220,1217,1213,1197,1195,1196,1205,1218,1230,1241,1250,1255,1253,1250,1247,1249,1250,1252,1263,1274,1281,1293,1300,1303,1305,1303,1305,1306,1298,1313,1323,1334,1341,1348,1357,1361,1364,1362,1354,1363,1362,1372,1376,1386,1397,1405,1416,1420,1420,1416,1418,1418,1419,1425,1433,1449,1460,1469,1480,1480,1468,1474,1473,1480,1477,1485,1495,1503,1504,1501,1503,1501,1503,1498,1507,1500,1500,1497,1491,1507,1520,1541,1554,1566,1575,1587,1586,1581,1585,1585
395056,"San Diego, CA",17,1731,1710,1724,1732,1756,1772,1780,1788,1796,1798,1808,1807,1823,1843,1854,1864,1873,1883,1892,1904,1910,1909,1920,1919,1926,1937,1953,1971,1987,2006,2005,2011,2021,2018,2020,2021,2025,2043,2060,2068,2089,2102,2112,2123,2122,2124,2116,2119,2133,2147,2157,2167,2188,2202,2210,2225,2226,2225,2228,2224,2226,2232,2241,2253,2268,2274,2290,2301,2300,2305,2303,2304,2307,2314,2314,2299,2301,2311,2319,2327,2338,2344,2366,2378,2381,2390,2411,2449,2492,2537,2596,2653,2694,2733,2761,2789,2788
395121,"St. Louis, MO",18,899,878,890,899,910,915,920,922,920,925,915,918,917,922,933,933,937,943,940,945,944,944,943,943,943,948,951,955,961,964,967,967,963,966,965,961,964,965,972,977,979,983,986,986,986,988,984,984,986,988,990,999,1005,1002,1008,1010,1012,1009,1009,1010,1011,1016,1025,1034,1033,1048,1045,1045,1046,1044,1043,1042,1047,1051,1064,1064,1065,1066,1072,1077,1082,1087,1084,1083,1086,1091,1102,1120,1135,1141,1159,1166,1180,1184,1195,1202,1199
395148,"Tampa, FL",19,1098,1107,1109,1109,1118,1121,1127,1131,1134,1134,1138,1142,1147,1153,1157,1161,1167,1176,1182,1187,1189,1195,1203,1204,1208,1214,1222,1230,1234,1240,1242,1247,1251,1254,1259,1258,1264,1268,1276,1283,1290,1298,1302,1307,1304,1310,1316,1318,1324,1332,1340,1350,1358,1364,1371,1375,1376,1379,1386,1387,1389,1395,1403,1410,1419,1423,1429,1436,1438,1442,1444,1450,1458,1462,1469,1463,1457,1469,1477,1489,1503,1518,1529,1537,1541,1567,1582,1615,1665,1724,1792,1861,1904,1936,1962,1978,1975
394358,"Baltimore, MD",20,1404,1458,1440,1448,1455,1464,1475,1477,1476,1475,1475,1473,1466,1468,1467,1475,1480,1490,1499,1500,1495,1492,1489,1497,1491,1490,1497,1503,1507,1513,1513,1507,1502,1495,1490,1484,1484,1494,1494,1501,1519,1520,1523,1520,1512,1511,1508,1501,1499,1502,1512,1522,1530,1529,1532,1535,1530,1528,1527,1527,1530,1544,1550,1555,1562,1567,1571,1569,1567,1558,1559,1563,1568,1570,1565,1555,1554,1557,1564,1563,1568,1571,1578,1589,1588,1599,1616,1646,1668,1689,1722,1746,1759,1751,1770,1782,1782
394530,"Denver, CO",21,1185,1145,1171,1194,1219,1253,1269,1284,1295,1305,1316,1317,1321,1338,1352,1370,1384,1399,1406,1413,1414,1417,1411,1422,1425,1435,1436,1446,1464,1472,1478,1479,1479,1466,1460,1457,1461,1468,1483,1494,1511,1523,1530,1531,1525,1519,1514,1513,1519,1527,1536,1549,1559,1574,1583,1586,1583,1578,1578,1579,1582,1591,1601,1611,1625,1641,1643,1643,1635,1632,1629,1628,1630,1642,1649,1632,1628,1629,1634,1632,1629,1628,1624,1624,1631,1636,1656,1689,1724,1760,1801,1834,1851,1854,1859,1868,1875
394982,"Pittsburgh, PA",22,969,1025,1013,1038,1044,1060,1065,1089,1081,1062,1065,1071,1050,1062,1068,1072,1081,1085,1092,1097,1081,1071,1079,1067,1075,1092,1100,1104,1106,1104,1105,1097,1086,1086,1083,1083,1087,1101,1108,1116,1117,1119,1121,1115,1107,1107,1110,1109,1119,1127,1134,1138,1145,1149,1155,1154,1146,1147,1153,1156,1155,1163,1172,1175,1177,1183,1186,1187,1193,1194,1199,1206,1205,1208,1208,1208,1212,1214,1214,1212,1206,1214,1219,1221,1223,1229,1234,1247,1256,1272,1275,1296,1311,1313,1324,1318,1318
394998,"Portland, OR",23,1120,1146,1148,1152,1171,1191,1205,1216,1225,1230,1227,1232,1239,1244,1257,1273,1291,1311,1331,1349,1356,1359,1355,1356,1358,1369,1381,1397,1414,1428,1437,1437,1438,1429,1426,1423,1428,1436,1446,1459,1472,1479,1485,1490,1487,1477,1470,1462,1467,1473,1482,1491,1507,1517,1526,1532,1530,1523,1522,1521,1520,1530,1538,1546,1560,1567,1577,1584,1584,1582,1580,1582,1580,1586,1589,1580,1579,1587,1592,1599,1601,1595,1596,1591,1603,1601,1619,1646,1675,1706,1738,1767,1787,1792,1797,1801,1799
394458,"Charlotte, NC",24,1047,1052,1052,1058,1069,1079,1085,1091,1088,1088,1086,1090,1092,1094,1096,1110,1124,1133,1141,1147,1147,1144,1146,1147,1151,1162,1170,1174,1182,1189,1196,1202,1203,1207,1205,1202,1211,1211,1218,1232,1243,1249,1257,1259,1260,1258,1261,1256,1257,1263,1270,1282,1293,1302,1307,1312,1310,1310,1318,1326,1326,1333,1340,1349,1364,1370,1376,1376,1381,1385,1381,1382,1389,1392,1400,1386,1381,1390,1397,1400,1405,1410,1419,1422,1432,1443,1460,1491,1519,1553,1589,1628,1656,1671,1687,1704,1705
395045,"Sacramento, CA",25,1251,1276,1268,1268,1278,1286,1301,1302,1307,1317,1312,1312,1321,1324,1338,1350,1361,1370,1380,1396,1409,1410,1400,1412,1421,1426,1438,1458,1476,1491,1500,1512,1505,1511,1525,1534,1538,1551,1567,1578,1598,1613,1619,1633,1643,1648,1645,1649,1651,1659,1668,1681,1701,1716,1722,1733,1728,1730,1735,1740,1744,1756,1770,1778,1788,1802,1808,1811,1817,1816,1818,1811,1817,1835,1836,1838,1835,1853,1870,1885,1906,1921,1934,1942,1958,1970,1981,2003,2038,2080,2137,2160,2175,2189,2203,2193,2188
395055,"San Antonio, TX",26,953,965,962,971,978,983,982,988,991,992,988,977,986,995,1003,1012,1019,1025,1028,1030,1025,1030,1032,1037,1032,1035,1046,1050,1056,1059,1058,1064,1064,1064,1069,1068,1068,1074,1080,1086,1089,1094,1098,1097,1095,1094,1092,1093,1094,1096,1105,1109,1115,1122,1125,1131,1130,1132,1134,1132,1135,1138,1142,1146,1155,1160,1166,1172,1176,1178,1172,1174,1174,1176,1177,1175,1173,1174,1180,1188,1190,1191,1195,1198,1201,1206,1218,1234,1253,1275,1310,1347,1366,1371,1376,1389,1389
394943,"Orlando, FL",27,1114,1126,1126,1130,1139,1150,1171,1166,1165,1161,1158,1162,1165,1171,1176,1187,1199,1203,1213,1218,1222,1225,1224,1227,1233,1235,1240,1251,1264,1271,1279,1283,1282,1284,1281,1281,1290,1298,1297,1311,1324,1333,1341,1345,1335,1347,1352,1362,1369,1378,1388,1397,1406,1419,1426,1431,1433,1435,1438,1438,1442,1446,1454,1461,1473,1481,1488,1489,1492,1494,1491,1494,1496,1502,1505,1496,1492,1497,1503,1502,1504,1504,1508,1517,1527,1533,1551,1583,1616,1665,1718,1771,1807,1841,1872,1882,1885
394466,"Cincinnati, OH",28,932,934,937,947,966,967,974,978,979,974,967,967,968,973,990,991,992,1001,1007,1014,1013,1013,1015,1014,1019,1019,1028,1029,1035,1036,1039,1045,1045,1042,1046,1054,1057,1063,1066,1072,1078,1081,1082,1082,1086,1084,1087,1090,1093,1095,1104,1111,1121,1122,1125,1127,1133,1143,1141,1148,1149,1152,1164,1169,1183,1184,1191,1193,1195,1193,1203,1201,1210,1219,1221,1224,1225,1229,1236,1238,1242,1249,1259,1265,1267,1272,1290,1308,1315,1330,1344,1346,1363,1378,1386,1394,1391
394475,"Cleveland, OH",29,938,936,934,942,946,958,966,951,953,959,962,962,967,972,979,986,993,1016,1005,999,995,998,1003,991,999,1010,1012,1016,1026,1043,1079,1066,1037,1021,1014,1013,1009,1013,1014,1023,1027,1028,1031,1030,1036,1033,1032,1025,1030,1034,1040,1046,1055,1053,1058,1061,1062,1065,1064,1064,1068,1075,1081,1087,1092,1091,1094,1088,1087,1087,1091,1096,1096,1102,1101,1113,1115,1116,1114,1130,1128,1130,1133,1141,1141,1154,1169,1165,1184,1198,1217,1224,1239,1239,1245,1256,1244
394735,"Kansas City, MO",30,868,856,867,881,884,900,919,916,910,903,900,898,903,900,914,919,920,934,936,944,936,936,938,938,940,944,950,957,960,965,966,971,973,974,975,977,978,981,983,991,998,999,1005,1008,1006,1009,1011,1013,1011,1013,1019,1025,1032,1038,1039,1044,1046,1040,1042,1040,1043,1051,1057,1064,1071,1078,1083,1085,1085,1078,1079,1087,1086,1094,1102,1106,1108,1116,1126,1129,1146,1141,1138,1141,1139,1137,1151,1169,1189,1207,1222,1230,1221,1237,1247,1255,1253
394775,"Las Vegas, NV",31,1015,1017,1018,1019,1027,1034,1038,1040,1041,1042,1042,1040,1040,1045,1049,1057,1063,1072,1076,1082,1084,1083,1084,1086,1088,1093,1101,1107,1117,1125,1127,1131,1133,1133,1135,1133,1136,1143,1152,1161,1171,1180,1189,1193,1198,1199,1201,1205,1206,1216,1225,1237,1251,1260,1268,1276,1279,1281,1288,1288,1294,1302,1312,1324,1336,1345,1353,1357,1359,1356,1354,1356,1360,1369,1372,1358,1356,1366,1382,1400,1414,1430,1442,1447,1458,1477,1495,1529,1579,1636,1697,1752,1780,1798,1808,1812,1819
394492,"Columbus, OH",32,922,952,931,926,936,940,938,944,949,961,960,957,949,951,959,966,981,988,989,995,994,1000,1008,998,1001,1001,1007,1013,1024,1032,1029,1024,1023,1026,1025,1034,1032,1037,1050,1053,1061,1068,1070,1073,1073,1076,1079,1084,1083,1089,1100,1110,1115,1120,1125,1122,1126,1126,1129,1131,1139,1146,1152,1155,1156,1161,1164,1166,1175,1175,1175,1177,1185,1189,1189,1195,1198,1206,1212,1221,1223,1234,1242,1245,1243,1244,1262,1265,1282,1296,1321,1337,1339,1352,1363,1381,1374
394705,"Indianapolis, IN",33,933,930,934,938,951,956,955,960,959,962,954,950,946,952,964,970,971,973,976,980,983,984,988,987,984,985,991,1001,1008,1010,1018,1016,1013,1009,1005,1003,1007,1013,1018,1025,1032,1037,1039,1039,1042,1046,1047,1045,1053,1053,1060,1065,1071,1076,1081,1084,1083,1084,1085,1084,1088,1094,1104,1115,1122,1130,1134,1130,1138,1136,1130,1129,1136,1145,1152,1152,1163,1178,1186,1196,1202,1206,1200,1211,1218,1235,1243,1251,1274,1304,1326,1346,1359,1363,1364,1364,1366
395059,"San Jose, CA",34,2091,2106,2108,2137,2219,2329,2367,2406,2439,2436,2439,2445,2469,2505,2518,2548,2582,2638,2671,2710,2691,2708,2695,2704,2704,2720,2716,2729,2753,2760,2779,2759,2746,2716,2696,2691,2712,2718,2729,2754,2779,2803,2822,2813,2821,2804,2787,2784,2802,2820,2840,2857,2882,2915,2930,2932,2929,2922,2908,2892,2904,2923,2944,2956,2971,2994,3008,3016,3002,2986,2976,2981,2993,3014,3026,3000,2978,2953,2922,2881,2850,2796,2770,2752,2747,2753,2778,2797,2846,2886,2934,2983,2996,2990,2997,3011,3031
394355,"Austin, TX",35,1195,1200,1198,1211,1227,1235,1253,1257,1260,1253,1251,1253,1261,1265,1278,1284,1296,1301,1309,1313,1313,1310,1314,1318,1321,1324,1333,1338,1345,1353,1355,1350,1347,1344,1341,1340,1341,1348,1357,1365,1370,1380,1380,1374,1363,1359,1359,1356,1352,1362,1370,1379,1391,1406,1414,1419,1420,1419,1425,1421,1423,1432,1440,1448,1459,1469,1478,1481,1480,1481,1481,1479,1482,1489,1496,1482,1471,1469,1471,1466,1456,1451,1454,1457,1471,1484,1507,1546,1593,1648,1717,1768,1791,1805,1805,1818,1805
395194,"Virginia Beach, VA",36,1130,1147,1144,1146,1152,1156,1160,1159,1157,1156,1156,1159,1158,1160,1163,1169,1169,1174,1176,1175,1172,1172,1168,1169,1174,1180,1180,1184,1187,1187,1188,1186,1181,1181,1177,1179,1187,1192,1196,1205,1204,1203,1207,1208,1208,1206,1203,1201,1201,1209,1219,1224,1224,1224,1228,1231,1227,1227,1231,1231,1235,1243,1248,1252,1262,1264,1265,1268,1267,1266,1271,1273,1271,1275,1276,1274,1274,1279,1294,1308,1316,1324,1331,1340,1344,1350,1366,1383,1413,1437,1470,1493,1524,1538,1533,1534,1518
394902,"Nashville, TN",37,1075,1089,1089,1118,1124,1137,1148,1152,1156,1164,1165,1163,1164,1175,1188,1198,1207,1220,1225,1228,1226,1230,1228,1233,1242,1246,1263,1266,1278,1288,1297,1306,1298,1294,1285,1289,1294,1295,1308,1317,1334,1337,1341,1351,1349,1336,1328,1326,1332,1332,1344,1356,1364,1379,1380,1377,1374,1374,1370,1372,1378,1387,1395,1406,1420,1428,1437,1435,1434,1432,1436,1442,1449,1452,1460,1461,1460,1462,1466,1467,1459,1457,1458,1462,1470,1471,1492,1523,1554,1590,1631,1680,1698,1717,1732,1743,1757
395005,"Providence, RI",38,1085,1166,1158,1149,1147,1163,1167,1154,1130,1141,1132,1132,1142,1175,1188,1192,1209,1201,1205,1199,1183,1192,1206,1207,1222,1231,1232,1249,1252,1244,1261,1263,1244,1247,1244,1258,1266,1288,1304,1309,1313,1315,1304,1300,1255,1280,1297,1307,1334,1339,1350,1365,1369,1376,1372,1364,1363,1356,1368,1376,1384,1401,1415,1434,1442,1440,1431,1424,1421,1435,1433,1426,1441,1456,1474,1479,1468,1478,1502,1504,1506,1520,1550,1559,1560,1574,1588,1617,1669,1673,1698,1711,1716,1722,1732,1756,1779
394862,"Milwaukee, WI",39,,959,998,977,978,988,996,1001,1000,998,998,997,1009,996,1002,1016,1016,1018,1017,1024,1017,1021,1015,1011,1011,1016,1021,1035,1032,1038,1040,1036,1032,1032,1030,1034,1033,1034,1039,1044,1056,1057,1055,1054,1051,1047,1043,1050,1055,1056,1060,1068,1074,1079,1075,1075,1074,1075,1072,1075,1079,1086,1092,1097,1103,1102,1105,1101,1106,1106,1108,1111,1110,1116,1119,1123,1121,1127,1132,1132,1133,1142,1137,1132,1139,1147,1153,1164,1172,1190,1196,1215,1218,1220,1218,1217,1231
394714,"Jacksonville, FL",40,1069,1058,1067,1082,1078,1082,1083,1085,1086,1087,1087,1084,1090,1086,1086,1094,1104,1113,1119,1122,1120,1122,1120,1122,1126,1134,1138,1144,1147,1154,1156,1162,1161,1156,1160,1157,1161,1164,1174,1182,1190,1198,1204,1210,1192,1200,1207,1211,1218,1222,1230,1239,1249,1259,1266,1269,1270,1270,1272,1278,1274,1279,1286,1292,1300,1308,1314,1318,1322,1317,1317,1318,1323,1327,1331,1328,1329,1335,1344,1361,1369,1378,1380,1384,1397,1413,1432,1462,1494,1542,1595,1637,1673,1686,1708,1725,1718
394849,"Memphis, TN",41,978,967,979,981,987,992,995,996,993,997,997,1001,1003,1002,1000,1002,1006,1008,1010,1012,1012,1010,1014,1013,1013,1021,1022,1025,1025,1031,1033,1031,1034,1036,1034,1035,1035,1035,1038,1044,1047,1046,1054,1056,1058,1056,1056,1055,1062,1062,1066,1075,1078,1088,1093,1095,1094,1094,1098,1101,1103,1110,1116,1123,1128,1132,1138,1139,1141,1137,1138,1143,1152,1163,1175,1179,1180,1195,1206,1227,1239,1248,1262,1257,1273,1280,1294,1318,1353,1374,1393,1417,1426,1449,1455,1466,1465
394935,"Oklahoma City, OK",42,944,960,960,971,979,986,993,993,985,983,984,992,995,994,999,1001,1018,1020,1021,1016,1006,994,987,996,999,1006,1007,1011,1013,1017,1013,1011,1002,993,989,993,987,995,1005,1007,1012,1018,1020,1021,1015,1012,1002,1003,1012,1013,1022,1027,1029,1036,1037,1037,1037,1038,1038,1039,1038,1045,1047,1055,1090,1081,1073,1071,1069,1067,1067,1066,1070,1069,1078,1079,1084,1083,1087,1090,1093,1101,1106,1102,1106,1107,1117,1136,1154,1181,1199,1218,1223,1227,1233,1234,1240
394807,"Louisville-Jefferson County, KY",43,825,839,837,838,852,856,865,868,866,868,863,865,864,877,874,898,888,887,895,894,897,885,888,890,896,895,902,910,919,930,929,933,928,929,929,934,936,950,953,956,961,967,969,968,966,959,956,965,967,976,981,983,987,990,988,994,995,994,995,993,999,1002,1006,1019,1021,1025,1023,1019,1026,1022,1019,1020,1029,1033,1040,1039,1041,1053,1058,1059,1065,1071,1071,1070,1069,1074,1078,1097,1106,1109,1126,1131,1143,1142,1154,1167,1175
394669,"Hartford, CT",44,1213,1192,1185,1190,1196,1207,1219,1219,1219,1217,1216,1216,1219,1231,1231,1236,1237,1244,1247,1244,1241,1242,1240,1241,1248,1252,1251,1252,1261,1264,1266,1268,1267,1259,1260,1262,1261,1266,1273,1279,1288,1290,1291,1291,1287,1284,1281,1280,1287,1292,1295,1303,1312,1311,1317,1311,1311,1310,1316,1318,1323,1324,1328,1333,1333,1341,1346,1346,1340,1335,1334,1346,1352,1353,1351,1360,1356,1367,1373,1380,1394,1397,1410,1408,1413,1403,1424,1447,1470,1491,1506,1514,1537,1523,1552,1555,1532
395022,"Richmond, VA",45,,1037,1059,1056,1076,1089,1095,1091,1098,1090,1085,1091,1094,1092,1100,1109,1109,1104,1117,1126,1120,1117,1121,1113,1120,1119,1140,1144,1141,1145,1161,1150,1148,1142,1142,1140,1141,1150,1154,1169,1178,1182,1186,1181,1177,1176,1182,1185,1192,1192,1202,1214,1223,1229,1229,1226,1222,1222,1230,1228,1231,1237,1248,1258,1266,1267,1269,1274,1274,1270,1269,1276,1278,1282,1288,1280,1289,1290,1295,1301,1302,1306,1317,1317,1321,1326,1346,1358,1383,1412,1437,1433,1459,1473,1501,1511,1493
394910,"New Orleans, LA",46,1102,1073,1083,1071,1072,1074,1110,1108,1102,1077,1088,1100,1107,1102,1103,1102,1110,1120,1119,1118,1119,1122,1124,1136,1136,1127,1122,1125,1133,1129,1126,1125,1134,1141,1137,1150,1140,1149,1143,1142,1146,1145,1149,1155,1158,1160,1160,1160,1130,1134,1154,1159,1159,1159,1162,1159,1162,1168,1172,1155,1157,1160,1166,1168,1174,1173,1178,1177,1190,1188,1197,1194,1192,1195,1187,1184,1185,1182,1190,1182,1200,1207,1208,1216,1229,1226,1231,1251,1265,1241,1271,1298,1336,1340,1380,1435,1426
394425,"Buffalo, NY",47,783,720,755,771,773,780,792,775,787,798,788,789,792,803,814,817,839,812,825,834,835,828,830,833,839,830,839,847,853,853,850,857,857,859,856,859,876,881,879,878,881,887,888,886,880,884,889,896,894,900,904,908,917,919,920,919,914,914,919,924,928,936,943,943,949,948,948,944,941,948,949,950,962,970,983,973,975,984,985,996,992,995,997,1000,1012,1023,1017,1034,1045,1056,1074,1087,1094,1097,1085,1101,1096
395012,"Raleigh, NC",48,1112,1107,1104,1115,1122,1132,1140,1141,1139,1135,1131,1127,1136,1142,1151,1158,1166,1175,1184,1184,1186,1181,1177,1168,1174,1182,1195,1203,1211,1218,1221,1225,1228,1226,1220,1214,1215,1221,1228,1238,1247,1258,1260,1258,1258,1256,1252,1252,1252,1256,1264,1274,1281,1290,1295,1300,1299,1294,1295,1294,1297,1309,1318,1323,1336,1349,1353,1355,1355,1354,1350,1354,1360,1356,1365,1357,1350,1358,1363,1368,1375,1375,1381,1385,1392,1397,1414,1438,1471,1507,1554,1591,1608,1622,1632,1642,1648
394388,"Birmingham, AL",49,924,931,929,928,928,935,937,948,946,943,936,942,944,950,950,956,957,959,963,964,967,965,968,967,967,976,971,985,977,978,982,978,983,988,978,980,983,983,987,991,994,995,1003,997,1015,1005,1007,1012,1011,1006,1014,1022,1027,1032,1024,1033,1030,1039,1042,1046,1054,1059,1066,1063,1067,1070,1073,1074,1081,1078,1078,1077,1078,1087,1108,1107,1099,1095,1108,1112,1128,1119,1132,1141,1142,1144,1151,1159,1174,1184,1214,1226,1230,1240,1260,1264,1268
395053,"Salt Lake City, UT",50,,1025,1029,1030,1044,1053,1061,1061,1048,1058,1051,1057,1062,1064,1067,1082,1087,1101,1101,1093,1101,1103,1105,1114,1117,1119,1129,1134,1140,1145,1146,1160,1163,1162,1165,1160,1161,1174,1182,1193,1204,1216,1214,1224,1233,1230,1218,1207,1219,1246,1254,1256,1267,1270,1282,1287,1294,1292,1288,1297,1301,1302,1311,1325,1332,1337,1347,1350,1353,1347,1343,1340,1346,1347,1360,1351,1344,1352,1357,1362,1374,1373,1368,1375,1378,1389,1418,1450,1492,1522,1542,1559,1577,1607,1619,1638,1645
395031,"Rochester, NY",51,,920,897,913,928,922,938,951,954,951,936,951,943,956,961,950,961,965,972,970,985,981,978,981,987,976,980,980,989,1001,998,997,1001,1000,989,993,995,1011,1007,1012,1020,1022,1026,1029,1027,1024,1021,1028,1037,1047,1042,1046,1052,1060,1059,1064,1058,1055,1052,1050,1058,1063,1065,1074,1085,1090,1091,1079,1074,1065,1077,1079,1087,1089,1099,1101,1097,1100,1112,1111,1114,1114,1127,1135,1148,1172,1184,1202,1218,1231,1246,1256,1251,1253,1252,1268,1247
394640,"Grand Rapids, MI",52,802,832,826,845,881,884,891,894,894,885,891,883,887,896,903,925,938,955,959,954,960,957,965,963,969,972,990,1011,1028,1036,1046,1039,1042,1037,1039,1041,1038,1053,1056,1062,1091,1104,1107,1105,1104,1097,1099,1089,1090,1101,1115,1132,1142,1151,1153,1157,1153,1150,1151,1151,1158,1160,1165,1177,1203,1206,1208,1201,1200,1204,1211,1203,1206,1215,1221,1227,1235,1247,1251,1244,1253,1265,1266,1272,1265,1276,1300,1315,1334,1358,1406,1421,1411,1383,1414,1437,1430
395167,"Tucson, AZ",53,930,943,942,941,944,947,950,948,948,947,950,945,947,951,953,958,958,964,969,966,966,972,962,967,972,978,982,988,992,987,991,997,998,1000,997,1005,1008,1016,1025,1032,1040,1040,1042,1046,1047,1049,1051,1055,1059,1069,1070,1085,1089,1099,1107,1112,1112,1119,1124,1132,1134,1140,1145,1151,1162,1164,1171,1185,1180,1180,1192,1197,1207,1215,1211,1205,1208,1216,1226,1243,1264,1289,1296,1296,1300,1313,1344,1377,1392,1414,1430,1456,1486,1522,1537,1554,1557
753924,"Urban Honolulu, HI",54,1894,1926,1922,1913,1957,1980,1964,1986,2036,2043,2058,2095,2097,2088,2096,2091,2100,2102,2107,2126,2132,2125,2134,2137,2141,2121,2137,2141,2137,2149,2162,2161,2159,2146,2161,2153,2154,2157,2166,2182,2180,2169,2175,2180,2178,2180,2179,2178,2178,2192,2200,2199,2206,2218,2218,2220,2215,2212,2214,2214,2224,2227,2245,2252,2245,2238,2256,2255,2259,2262,2251,2251,2259,2277,2260,2247,2243,2238,2237,2242,2244,2228,2260,2264,2268,2292,2307,2360,2401,2356,2410,2436,2457,2480,2468,2499,2461
395169,"Tulsa, OK",55,921,930,932,926,935,937,946,949,946,945,948,951,943,946,951,952,957,957,962,979,970,966,964,966,962,954,960,962,972,973,974,974,968,977,972,973,967,966,970,973,976,978,982,979,975,976,980,978,981,984,985,980,988,992,995,997,998,996,993,993,998,997,1000,1002,1011,1017,1022,1019,1024,1027,1031,1027,1034,1038,1040,1038,1041,1048,1058,1066,1065,1072,1081,1076,1084,1099,1113,1126,1150,1160,1185,1206,1208,1206,1227,1248,1253
394619,"Fresno, CA",56,1144,1174,1164,1168,1191,1182,1174,1178,1182,1185,1191,1192,1195,1199,1196,1207,1211,1219,1216,1209,1210,1219,1223,1226,1233,1242,1247,1249,1253,1263,1268,1271,1274,1264,1273,1277,1273,1280,1290,1297,1316,1328,1337,1340,1338,1344,1341,1356,1342,1353,1360,1376,1387,1390,1401,1402,1417,1419,1414,1438,1433,1446,1449,1459,1463,1473,1487,1487,1495,1502,1495,1514,1528,1539,1533,1518,1518,1527,1529,1548,1562,1575,1594,1604,1626,1660,1694,1738,1766,1803,1860,1890,1886,1877,1900,1887,1894
395238,"Worcester, MA",57,1075,1057,1072,1071,1083,1088,1097,1100,1110,1106,1108,1110,1108,1113,1121,1125,1130,1143,1145,1147,1145,1147,1150,1160,1160,1164,1169,1178,1194,1201,1204,1206,1208,1212,1210,1221,1220,1235,1237,1250,1260,1264,1258,1262,1264,1269,1266,1273,1284,1287,1301,1304,1307,1321,1342,1340,1351,1351,1344,1349,1351,1363,1366,1379,1387,1388,1402,1398,1409,1412,1418,1423,1435,1442,1432,1440,1430,1446,1454,1453,1468,1472,1481,1496,1484,1490,1497,1523,1559,1575,1596,1617,1624,1638,1675,1668,1661
394415,"Stamford, CT",58,1752,1766,1772,1798,1847,1887,1890,1878,1870,1868,1861,1889,1894,1884,1894,1900,1921,1920,1933,1926,1931,1914,1901,1911,1935,1924,1935,1929,1949,1955,1955,1953,1948,1951,1934,1929,1939,1980,1969,1977,1995,1988,1989,1991,1985,1986,1982,1971,1985,1983,2002,2018,2027,2043,2044,2041,2042,2033,2033,2036,2044,2051,2050,2067,2077,2087,2090,2101,2113,2107,2082,2079,2074,2100,2113,2121,2127,2139,2150,2158,2179,2197,2192,2181,2193,2214,2234,2287,2329,2361,2386,2405,2402,2395,2421,2398,2413
394312,"Albuquerque, NM",59,895,895,899,899,906,906,912,916,912,911,909,906,910,909,916,924,929,932,935,938,936,935,929,930,928,933,939,948,950,957,962,965,962,963,958,953,953,962,965,970,974,981,982,983,978,976,980,978,982,986,994,999,1003,1008,1013,1018,1015,1015,1012,1012,1015,1021,1028,1032,1043,1053,1061,1064,1068,1066,1064,1062,1067,1078,1080,1076,1069,1090,1110,1120,1136,1140,1144,1142,1148,1162,1180,1207,1226,1256,1291,1332,1343,1342,1354,1370,1359
394308,"Albany, NY",60,1021,1094,1037,1063,1062,1058,1074,1096,1091,1098,1085,1096,1106,1101,1105,1101,1102,1107,1103,1101,1089,1108,1105,1099,1110,1109,1132,1131,1134,1133,1129,1133,1141,1137,1137,1170,1160,1162,1150,1159,1162,1166,1158,1157,1156,1141,1161,1150,1171,1180,1190,1187,1189,1186,1182,1188,1197,1197,1177,1200,1206,1194,1202,1196,1211,1216,1225,1224,1214,1220,1225,1228,1239,1230,1238,1271,1246,1242,1242,1245,1261,1273,1267,1273,1275,1242,1267,1299,1330,1339,1364,1358,1375,1376,1382,1392,1377
394938,"Omaha, NE",61,842,805,833,835,845,847,858,855,859,861,859,866,866,875,891,900,888,894,893,894,891,888,887,894,898,899,905,908,914,918,921,926,928,928,926,924,925,931,935,940,950,944,957,954,951,949,947,950,947,956,954,961,971,972,973,974,977,977,976,978,983,985,987,991,1001,1012,1013,1011,1008,1012,1015,1017,1020,1025,1037,1041,1048,1053,1058,1064,1059,1056,1054,1060,1061,1069,1081,1086,1103,1128,1141,1145,1148,1153,1159,1163,1159
394908,"New Haven, CT",62,1188,1206,1205,1219,1233,1243,1253,1244,1243,1233,1250,1253,1257,1257,1268,1276,1281,1277,1280,1278,1273,1269,1278,1260,1271,1290,1290,1308,1315,1317,1314,1307,1304,1299,1297,1299,1306,1307,1314,1328,1332,1336,1335,1344,1333,1330,1337,1340,1338,1345,1350,1361,1366,1365,1369,1367,1377,1367,1369,1378,1383,1384,1395,1403,1405,1398,1399,1400,1395,1410,1419,1421,1421,1435,1435,1436,1439,1444,1438,1446,1452,1475,1486,1484,1492,1485,1495,1500,1535,1583,1622,1626,1629,1653,1686,1680,1660
394357,"Bakersfield, CA",63,994,945,967,973,984,1008,1003,1005,1005,999,1003,1005,1000,1012,1021,1025,1024,1025,1025,1024,1027,1022,1021,1020,1017,1030,1021,1032,1032,1040,1048,1051,1051,1049,1051,1057,1057,1059,1067,1070,1073,1074,1078,1080,1085,1067,1075,1083,1094,1097,1102,1112,1116,1119,1123,1126,1130,1133,1135,1135,1149,1151,1173,1179,1180,1185,1185,1187,1192,1197,1199,1198,1208,1226,1213,1224,1224,1239,1261,1287,1282,1297,1302,1292,1324,1329,1335,1359,1397,1395,1426,1429,1477,1472,1503,1529,1524
394753,"Knoxville, TN",64,923,942,939,945,947,948,949,954,945,947,946,947,963,965,979,986,990,975,979,979,965,957,955,958,958,979,982,994,1010,1016,1019,1021,1010,997,1004,1008,1007,1026,1031,1041,1044,1043,1053,1052,1055,1054,1054,1043,1058,1063,1071,1071,1089,1091,1100,1097,1106,1103,1102,1109,1126,1125,1140,1142,1148,1167,1160,1163,1165,1168,1167,1180,1183,1189,1177,1176,1178,1191,1202,1221,1234,1251,1251,1258,1260,1279,1282,1296,1347,1384,1415,1450,1479,1484,1486,1511,1514
394653,"Greenville, SC",65,947,1016,999,988,980,967,971,973,972,970,955,956,960,960,983,995,1005,1011,1008,1006,1007,1011,1014,1014,1021,1029,1043,1062,1066,1062,1058,1059,1064,1052,1039,1047,1041,1049,1062,1072,1082,1087,1088,1090,1083,1075,1076,1075,1086,1092,1098,1112,1113,1121,1123,1121,1129,1126,1126,1125,1126,1135,1139,1145,1157,1161,1166,1158,1167,1160,1164,1165,1165,1178,1189,1181,1173,1173,1167,1175,1180,1179,1186,1198,1205,1202,1225,1240,1265,1293,1332,1350,1349,1367,1374,1368,1367
394952,"Ventura, CA",66,1903,1906,1875,1896,1912,1923,1948,1956,1966,1959,1973,1977,1983,1978,2002,2032,2044,2043,2057,2064,2070,2067,2068,2055,2063,2070,2098,2105,2116,2136,2154,2157,2158,2170,2180,2165,2177,2193,2218,2224,2234,2227,2235,2242,2255,2242,2248,2267,2273,2299,2306,2295,2318,2333,2340,2358,2346,2368,2376,2379,2376,2386,2407,2381,2403,2419,2421,2421,2418,2418,2433,2446,2457,2461,2461,2417,2426,2435,2451,2471,2479,2490,2508,2554,2570,2549,2605,2671,2686,2740,2776,2792,2860,2879,2885,2930,2919
394318,"Allentown, PA",67,1094,1118,1105,1111,1123,1135,1132,1132,1135,1134,1125,1130,1120,1123,1132,1147,1146,1151,1151,1157,1148,1154,1148,1157,1158,1158,1170,1172,1175,1180,1189,1181,1186,1189,1186,1179,1180,1188,1205,1209,1210,1215,1212,1224,1228,1227,1217,1214,1216,1225,1229,1240,1247,1249,1260,1258,1264,1252,1261,1268,1259,1275,1279,1285,1296,1299,1306,1308,1316,1305,1306,1307,1312,1318,1313,1314,1321,1326,1338,1348,1366,1385,1396,1397,1419,1420,1454,1469,1497,1536,1558,1573,1581,1596,1612,1638,1666
394561,"El Paso, TX",68,993,1003,999,1005,1005,1007,1002,1013,1002,1003,1001,1004,1003,1006,1005,1007,1010,1011,1012,1013,1009,1004,999,1005,1005,1013,1011,1013,1012,1015,1015,1012,1010,1006,1013,1028,1015,1015,1018,1016,1015,1018,1020,1019,1018,1014,1014,1016,1016,1014,1018,1028,1029,1033,1037,1036,1028,1028,1033,1040,1039,1029,1038,1046,1052,1052,1055,1062,1068,1066,1066,1069,1076,1079,1081,1091,1096,1100,1111,1117,1119,1126,1144,1140,1139,1159,1167,1177,1194,1174,1194,1235,1245,1259,1259,1279,1285
394367,"Baton Rouge, LA",69,1035,1049,1059,1035,1037,1032,1043,1051,1052,1052,1037,1032,1040,1054,1062,1098,1084,1072,1072,1061,1065,1062,1053,1060,1078,1074,1097,1095,1091,1101,1095,1093,1106,1112,1125,1124,1127,1127,1129,1128,1120,1119,1108,1103,1105,1113,1108,1117,1103,1108,1109,1121,1123,1119,1118,1115,1119,1121,1111,1107,1109,1105,1110,1117,1124,1126,1118,1118,1120,1117,1112,1095,1103,1100,1107,1109,1116,1115,1122,1132,1138,1129,1131,1127,1141,1145,1146,1164,1160,1177,1196,1208,1235,1240,1232,1245,1254
394521,"Dayton, OH",70,809,804,804,799,810,817,818,828,831,824,829,823,821,824,824,831,836,841,846,848,843,842,848,849,853,860,868,870,875,875,873,874,872,870,883,878,881,878,882,885,895,899,906,909,909,909,911,918,914,915,926,918,933,933,945,942,941,941,936,945,947,950,956,961,965,964,981,984,982,989,998,996,994,1000,1002,995,1007,1014,1021,1027,1029,1033,1041,1051,1050,1058,1072,1074,1074,1093,1122,1135,1159,1165,1167,1162,1170
394843,"McAllen, TX",71,740,833,,782,780,791,787,803,809,810,809,798,808,797,815,815,812,814,812,816,821,813,815,824,828,831,818,823,823,824,831,816,824,845,833,827,828,850,837,833,827,829,835,835,838,842,862,848,841,855,848,848,845,844,841,843,846,853,854,857,862,859,858,854,860,854,861,874,868,869,875,873,872,868,874,878,877,882,887,895,889,902,902,901,908,917,921,935,949,949,967,969,986,998,999,1001,997
394486,"Columbia, SC",72,,975,941,961,970,976,980,981,980,977,983,989,980,969,977,981,989,997,1007,1005,1000,997,996,993,1009,1000,1012,1008,1015,1014,1022,1029,1025,1025,1035,1026,1025,1030,1040,1040,1042,1049,1050,1052,1047,1053,1057,1056,1052,1064,1066,1075,1078,1081,1086,1090,1091,1093,1095,1094,1099,1108,1111,1125,1130,1137,1140,1139,1134,1133,1135,1132,1138,1148,1159,1155,1164,1172,1182,1180,1188,1196,1200,1200,1220,1222,1242,1254,1268,1302,1321,1343,1364,1376,1401,1401,1382
394648,"Greensboro, NC",73,893,926,912,912,910,907,916,915,910,912,908,909,911,911,923,935,939,938,943,942,938,928,916,921,936,936,929,941,949,948,957,961,960,946,961,961,991,978,977,981,984,992,995,993,997,994,984,989,996,1009,1011,1013,1013,1012,1023,1030,1031,1032,1027,1032,1041,1049,1053,1059,1073,1073,1080,1081,1080,1083,1090,1086,1093,1099,1101,1108,1118,1117,1131,1130,1129,1148,1158,1167,1170,1196,1209,1214,1227,1255,1275,1291,1305,1335,1359,1366,1367
394304,"Akron, OH",74,783,755,752,767,777,795,775,784,791,795,789,797,802,799,808,814,812,823,821,820,816,818,824,826,829,825,822,824,829,836,836,835,836,840,844,839,834,832,840,847,856,853,853,850,853,849,848,848,851,849,861,868,868,870,875,867,865,866,868,872,877,881,889,881,885,895,883,894,899,899,911,906,916,910,915,913,922,929,931,936,927,934,938,928,965,970,967,1000,1009,1016,1030,1036,1030,1028,1052,1048,1027
753906,"North Port-Sarasota-Bradenton, FL",75,1229,1281,1268,1283,1281,1283,1297,1309,1311,1321,1336,1367,1373,1374,1372,1375,1371,1388,1393,1401,1405,1420,1430,1435,1453,1452,1470,1453,1439,1439,1443,1440,1453,1460,1485,1484,1491,1491,1503,1503,1489,1492,1484,1493,1502,1514,1519,1536,1538,1541,1543,1532,1535,1543,1552,1558,1568,1568,1584,1596,1605,1599,1588,1588,1593,1592,1611,1627,1620,1633,1650,1659,1665,1648,1636,1634,1617,1625,1647,1655,1669,1716,1728,1761,1726,1746,1761,1795,1862,1936,2020,2102,2151,2201,2268,2359,2340
394798,"Little Rock, AR",76,809,830,809,818,818,820,826,832,834,829,821,824,820,829,833,834,845,845,840,836,837,841,833,835,839,844,843,842,843,846,849,851,838,843,845,852,852,855,859,859,857,858,858,860,862,859,862,860,861,866,865,866,863,861,867,869,874,876,877,876,874,879,886,887,890,895,899,893,892,892,895,898,903,905,906,906,909,918,930,937,942,942,945,949,954,961,971,985,987,1003,1028,1052,1058,1053,1063,1069,1056
395134,"Stockton, CA",77,1384,1409,1396,1400,1418,1409,1427,1435,1453,1482,1463,1463,1454,1462,1485,1494,1508,1521,1521,1580,1574,1576,1565,1573,1576,1605,1616,1626,1635,1659,1671,1666,1697,1702,1692,1718,1729,1736,1744,1772,1783,1793,1816,1839,1847,1847,1833,1841,1852,1858,1870,1877,1898,1907,1937,1946,1953,1948,1956,1958,1958,1958,1972,1991,2002,2018,2036,2049,2046,2048,2040,2064,2100,2105,2104,2098,2105,2110,2140,2177,2179,2196,2192,2246,2272,2299,2334,2368,2451,2500,2529,2543,2556,2555,2516,2544,2560
394457,"Charleston, SC",78,1100,1134,1126,1168,1158,1155,1161,1163,1166,1160,1170,1169,1182,1199,1203,1209,1214,1223,1233,1226,1208,1219,1212,1214,1214,1238,1253,1262,1266,1281,1291,1283,1285,1284,1283,1283,1288,1291,1304,1314,1325,1334,1340,1338,1345,1341,1343,1335,1335,1348,1352,1362,1369,1380,1384,1386,1393,1392,1387,1379,1383,1393,1401,1409,1420,1430,1433,1427,1430,1433,1426,1429,1452,1452,1448,1448,1433,1437,1451,1455,1460,1452,1449,1467,1479,1469,1493,1523,1558,1596,1647,1702,1711,1725,1746,1747,1730
395143,"Syracuse, NY",79,901,892,906,917,932,936,954,968,962,950,927,926,937,928,952,950,978,988,983,979,972,968,970,987,990,989,995,1011,1018,1015,984,995,998,991,1016,1015,1014,1016,1016,1011,1028,1028,1026,1034,1023,1037,1061,1067,1058,1062,1053,1047,1058,1047,1044,1058,1042,1043,1042,1075,1063,1038,1050,1061,1062,1094,1080,1080,1081,1096,1093,1085,1103,1107,1098,1105,1134,1113,1123,1134,1128,1126,1145,1140,1153,1155,1168,1203,1201,1230,1239,1248,,1329,1291,1336,1278
394484,"Colorado Springs, CO",80,1000,1008,1016,1019,1028,1037,1042,1044,1044,1049,1051,1054,1056,1059,1061,1067,1076,1089,1095,1102,1098,1103,1104,1113,1115,1115,1128,1142,1152,1163,1166,1178,1184,1185,1186,1186,1197,1199,1209,1219,1228,1238,1244,1251,1250,1249,1257,1264,1271,1284,1291,1299,1304,1306,1313,1317,1316,1315,1316,1320,1329,1349,1358,1361,1369,1377,1382,1389,1389,1397,1396,1403,1415,1419,1421,1420,1419,1427,1439,1454,1467,1470,1482,1478,1489,1511,1532,1561,1588,1618,1662,1683,1685,1686,1694,1704,1706
395235,"Winston-Salem, NC",81,1046,1039,1041,1025,1025,1025,1030,1027,1027,1016,1024,1027,1029,1034,1043,1042,1048,1054,1057,1063,1061,1061,1058,1053,1056,1064,1081,1082,1085,1079,1089,1087,1087,1082,1087,1082,1088,1092,1103,1111,1119,1125,1120,1123,1128,1130,1128,1124,1137,1137,1148,1160,1162,1163,1166,1171,1177,1174,1177,1180,1188,1195,1205,1213,1223,1229,1239,1234,1233,1236,1232,1229,1253,1256,1257,1256,1261,1277,1282,1299,1308,1314,1326,1313,1333,1342,1365,1387,1418,1459,1477,1495,1506,1519,1539,1518,1538
395224,"Wichita, KS",82,,694,727,718,744,747,753,750,770,771,764,756,753,755,755,764,751,753,757,752,758,757,751,760,758,759,763,770,767,776,770,764,759,761,762,761,759,760,765,770,767,773,774,773,772,767,767,767,772,772,774,775,781,782,781,781,780,791,782,781,777,780,783,788,791,794,799,801,800,798,801,798,802,804,809,809,812,818,823,828,832,829,830,828,825,836,841,856,864,881,873,886,891,899,901,904,902
395115,"Springfield, MA",83,1138,1143,1123,1127,1149,1162,1171,1189,1173,1149,1163,1165,1168,1166,1164,1180,1182,1195,1197,1202,1201,1195,1194,1191,1193,1201,1215,1218,1241,1234,1250,1242,1240,1249,1237,1224,1216,1220,1231,1251,1254,1267,1262,1263,1283,1269,1268,1263,1267,1270,1284,1281,1290,1301,1326,1326,1327,1324,1327,1298,1308,1314,1327,1332,1338,1351,1355,1356,1342,1350,1346,1350,1364,1376,1370,1370,1376,1383,1390,1375,1386,1397,1382,1392,1408,1457,1464,1455,1465,1459,1485,1482,1473,1491,1520,1523,1534
394440,"Fort Myers, FL",84,1004,994,999,1002,1014,1018,1031,1040,1060,1070,1079,1089,1089,1094,1108,1133,1144,1148,1154,1181,1196,1198,1211,1213,1220,1220,1241,1233,1235,1248,1254,1258,1254,1263,1274,1278,1289,1285,1290,1290,1288,1290,1290,1294,1300,1308,1319,1329,1340,1339,1332,1328,1335,1339,1344,1358,1361,1365,1374,1382,1387,1380,1377,1379,1386,1394,1396,1401,1409,1415,1416,1419,1429,1441,1433,1422,1422,1427,1441,1450,1469,1483,1498,1499,1491,1507,1521,1536,1584,1646,1707,1796,1854,1888,1937,1969,1982
394399,"Boise City, ID",85,901,916,922,928,940,950,960,964,961,959,956,941,949,958,974,978,991,998,1006,1010,1012,1016,1012,1007,1013,1021,1033,1046,1054,1066,1078,1086,1085,1087,1075,1075,1080,1086,1102,1124,1130,1141,1152,1160,1163,1163,1160,1159,1161,1176,1186,1183,1206,1231,1247,1252,1259,1250,1258,1259,1262,1269,1286,1296,1316,1337,1340,1342,1346,1340,1334,1335,1346,1346,1369,1361,1370,1380,1400,1414,1428,1442,1462,1484,1498,1530,1568,1604,1659,1712,1750,1774,1770,1753,1761,1754,1766
395160,"Toledo, OH",86,827,814,849,836,824,823,841,812,828,823,821,815,828,840,842,902,868,850,849,826,839,846,848,842,848,848,881,860,865,871,877,877,879,878,873,879,874,865,871,887,887,892,891,891,888,893,902,896,902,893,895,926,920,915,912,904,907,912,899,914,912,912,912,925,930,934,933,938,932,931,923,910,912,927,931,943,955,963,969,965,968,956,952,968,975,983,997,1024,1070,1074,1078,1096,1094,1090,1088,1098,1089
394816,"Madison, WI",87,1128,1098,1101,1096,1100,1110,1114,1119,1111,1129,1123,1127,1120,1123,1134,1148,1140,1155,1156,1165,1157,1159,1168,1185,1169,1185,1172,1178,1196,1193,1203,1195,1187,1192,1204,1201,1197,1202,1207,1210,1217,1215,1216,1226,1213,1222,1227,1217,1225,1222,1230,1233,1241,1248,1247,1243,1245,1257,1258,1256,1258,1266,1272,1279,1279,1282,1284,1275,1276,1280,1287,1291,1307,1310,1312,1312,1305,1304,1313,1314,1318,1311,1326,1333,1339,1340,1354,1358,1361,1361,1378,1373,1388,1403,1402,1407,1410
394766,"Lakeland, FL",88,1026,1061,1043,1040,1048,1050,1083,1087,1075,1069,1066,1073,1076,1076,1080,1092,1098,1106,1111,1112,1096,1113,1123,1120,1120,1129,1120,1133,1153,1159,1163,1175,1177,1170,1178,1184,1185,1185,1191,1195,1210,1218,1216,1218,1223,1230,1248,1242,1228,1240,1261,1274,1289,1298,1306,1307,1314,1321,1325,1328,1331,1339,1351,1352,1357,1361,1371,1380,1384,1384,1388,1396,1399,1397,1404,1403,1416,1417,1426,1440,1447,1462,1471,1476,1480,1482,1507,1532,1565,1614,1652,1686,1738,1744,1772,1777,1788
394931,"Ogden, UT",89,918,972,953,956,965,965,971,975,975,974,972,970,976,986,992,992,1001,1009,1012,1018,1022,1024,1025,1026,1030,1035,1039,1005,1037,1068,1071,1075,1079,1079,1087,1083,1101,1101,1108,1109,1114,1121,1126,1140,1142,1138,1139,1141,1146,1159,1172,1188,1182,1197,1205,1210,1203,1212,1221,1231,1232,1230,1250,1253,1265,1273,1273,1272,1270,1278,1281,1291,1291,1316,1310,1301,1312,1320,1329,1329,1320,1338,1363,1357,1377,1396,1404,1442,1480,1503,1549,1542,1558,1581,1584,1608,1616
394528,"Daytona Beach, FL",90,941,941,949,949,953,956,968,976,960,978,991,995,1005,1001,1009,1017,1016,1021,1040,1043,1047,1066,1063,1044,1061,1062,1070,1078,1096,1096,1103,1121,1117,1131,1136,1128,1133,1132,1118,1133,1151,1158,1170,1176,1170,1180,1189,1186,1190,1200,1213,1216,1232,1233,1238,1249,1249,1252,1257,1267,1267,1278,1288,1285,1291,1291,1298,1304,1309,1315,1317,1323,1328,1332,1343,1334,1327,1336,1346,1354,1369,1381,1389,1404,1412,1423,1448,1465,1482,1495,1554,1560,1595,1615,1649,1664,1686
394531,"Des Moines, IA",91,975,941,965,995,998,997,1009,995,994,1017,1030,1011,1011,1010,1029,1027,1025,1029,1024,1016,1001,1008,1005,995,989,987,1007,1016,1024,1032,1033,1034,1022,1027,1032,1022,1027,1025,1038,1040,1048,1051,1062,1053,1042,1044,1032,1034,1021,1031,1041,1050,1056,1063,1076,1071,1062,1057,1050,1055,1059,1049,1048,1062,1071,1077,1087,1086,1086,1084,1084,1078,1078,1083,1088,1071,1079,1088,1101,1107,1106,1108,1108,1101,1099,1098,1127,1121,1129,1136,1144,1154,1165,1169,1166,1170,1171
394711,"Jackson, MS",92,1104,1036,1068,1063,1078,1089,1083,1082,1082,1089,1089,1089,1076,1088,1097,1104,1101,1066,1089,1101,1101,1101,1108,1106,1114,1155,1137,1126,1120,1128,1124,1124,1121,1117,1112,1131,1135,1131,1127,1133,1132,1137,1138,1137,1142,1138,1132,1136,1139,1146,1154,1152,1153,1128,1141,1147,1150,1155,1164,1153,1161,1161,1163,1156,1161,1168,1170,1168,1154,1162,1178,1179,1187,1187,1202,1197,1193,1188,1193,1207,1208,1213,1214,1207,1207,1214,1230,1250,1273,1299,1318,1307,1300,1305,1312,1311,1314
395245,"Youngstown, OH",93,574,593,573,578,591,581,569,577,588,598,597,586,588,591,598,599,598,574,572,585,592,597,600,604,603,597,601,583,593,599,604,610,609,614,612,606,614,611,616,615,616,622,622,632,623,621,625,617,620,624,629,625,631,634,635,655,652,650,643,652,649,649,652,646,647,652,655,654,648,656,659,655,664,675,676,680,685,678,683,675,698,689,705,693,713,722,724,736,737,763,763,804,777,785,794,813,833
394352,"Augusta, GA",94,901,937,922,911,910,907,908,903,903,913,913,912,911,907,909,914,924,937,936,928,931,931,933,931,924,937,937,940,946,953,953,949,951,958,949,950,946,944,956,963,968,969,971,975,977,980,982,981,985,977,988,992,1000,1005,1001,1002,1004,1009,1005,1009,1011,1015,1023,1035,1044,1049,1045,1053,1053,1052,1052,1052,1054,1059,1065,1071,1076,1085,1103,1114,1125,1124,1139,1143,1146,1138,1145,1175,1193,1220,1247,1258,1258,1275,1283,1283,1284
395075,"Scranton, PA",95,781,804,802,800,812,835,837,825,825,825,826,815,812,810,815,819,820,817,827,824,829,837,838,834,797,811,835,870,851,833,837,847,845,859,849,840,852,854,879,870,860,855,853,860,865,858,866,884,843,861,874,872,870,878,871,882,878,896,892,886,887,892,888,896,900,918,912,918,919,926,937,934,919,926,933,920,934,938,941,940,961,972,975,995,988,996,1003,1019,1025,1049,1068,1085,1110,1108,1115,1097,1105
394666,"Harrisburg, PA",96,965,976,957,945,944,940,938,913,927,910,931,937,934,942,956,962,961,954,951,952,954,955,946,956,957,948,955,972,980,985,995,979,979,974,986,972,976,976,976,992,995,991,995,994,989,997,988,990,989,987,997,1006,1014,1016,1017,1023,1028,1033,1042,1040,1044,1043,1052,1055,1057,1061,1063,1068,1075,1075,1073,1062,1072,1072,1067,1067,1063,1079,1082,1096,1090,1093,1093,1101,1115,1123,1120,1151,1167,1199,1210,1230,1254,,1240,1257,1267
394957,"Melbourne, FL",97,957,979,964,970,976,984,996,984,995,998,1004,1014,1023,1027,1033,1043,1041,1051,1065,1085,1084,1085,1092,1102,1107,1117,1116,1124,1126,1145,1147,1153,1166,1169,1180,1188,1190,1200,1209,1206,1211,1223,1231,1236,1248,1258,1260,1261,1272,1277,1284,1297,1311,1318,1322,1332,1333,1328,1342,1344,1349,1352,1363,1363,1369,1370,1373,1379,1386,1385,1391,1401,1407,1439,1438,1425,1416,1421,1427,1446,1455,1456,1469,1477,1501,1506,1525,1559,1600,1619,1666,1720,1763,1771,1804,1818,1839
395113,"Spokane, WA",99,905,979,951,912,915,907,896,895,874,885,889,871,895,899,893,930,931,936,932,933,936,934,954,962,964,963,979,982,974,981,972,976,995,993,986,990,987,1002,1009,985,1014,1028,1037,1038,1043,1046,1050,1028,1040,1046,1063,1069,1085,1100,1086,1104,1102,1101,1104,1099,1103,1105,1120,1135,1150,1159,1164,1157,1170,1170,1148,1138,1157,1172,1194,1188,1193,1192,1209,1217,1247,1258,1243,1249,1266,1298,1304,1356,1416,1454,1490,1504,1496,1495,1492,1475,1470
395006,"Provo, UT",100,964,989,984,976,986,1014,1017,1002,1014,1020,1012,1019,1026,1025,1045,1029,1038,1053,1057,1043,1061,1069,1072,1071,1092,1075,1081,1083,1092,1126,1124,1126,1122,1129,1133,1120,1123,1138,1139,1142,1161,1166,1176,1181,1167,1165,1172,1177,1191,1194,1191,1210,1211,1226,1237,1239,1232,1234,1232,1236,1249,1247,1248,1250,1274,1280,1283,1289,1289,1277,1277,1276,1278,1280,1284,1289,1299,1310,1322,1322,1306,1339,1345,1352,1383,1396,1410,1429,1449,1469,1508,1527,1540,1600,1593,1593,1601
394746,"Killeen, TX",128,868,863,873,873,880,882,887,889,887,888,889,884,886,890,890,891,891,893,894,898,898,894,888,887,891,895,898,899,902,902,907,904,901,901,903,903,902,909,911,912,915,915,914,915,915,917,919,919,921,924,929,929,932,935,935,939,941,944,948,947,949,956,964,975,980,986,989,991,989,991,991,991,995,1000,995,1000,1010,1022,1034,1049,1064,1076,1085,1090,1089,1097,1106,1138,1167,1204,1241,1271,1281,1314,1322,1338,1328
394483,"College Station, TX",192,1153,1205,1179,1193,1198,1209,1213,1218,1243,1215,1180,1215,1219,1235,1252,1266,1289,1308,1304,1290,1246,1251,1297,1307,1312,1326,1317,1327,1326,1354,1328,1299,1270,1304,1315,1345,1365,1365,1372,1369,1364,1355,1333,1308,1304,1309,1333,1334,1362,1368,1364,1358,1354,1348,1333,1299,1330,1354,1332,1360,1369,1377,1383,1376,1374,1358,1364,1367,1377,1389,1402,1402,1404,1408,1399,1404,1405,1395,1371,1362,1400,1432,1446,1451,1476,1445,1444,1450,1421,1430,1462,1490,1458,1479,1528,1544,1556
